1,Benjamin,Jackson,benjamin.jackson1@example.com,326381088
2,Emma,Taylor,emma.taylor2@example.com,1713142197
3,Ava,Moore,ava.moore3@example.com,1626214580
4,Mia,Hernandez,mia.hernandez4@example.com,827498608
5,Benjamin,Moore,benjamin.moore5@example.com,961577524
6,Harper,Anderson,harper.anderson6@example.com,415554534
7,Ava,Thomas,ava.thomas7@example.com,974779629
8,Benjamin,Johnson,benjamin.johnson8@example.com,567795656
9,Noah,Martin,noah.martin9@example.com,1199700961
10,Harper,Rodriguez,harper.rodriguez10@example.com,2111737782
11,James,Martin,james.martin11@example.com,1156118306
12,Mia,Moore,mia.moore12@example.com,1316781548
13,Liam,Thomas,liam.thomas13@example.com,2106856929
14,Lucas,Moore,lucas.moore14@example.com,442921686
15,James,Miller,james.miller15@example.com,955916507
16,Liam,Johnson,liam.johnson16@example.com,610809873
17,Sophia,Davis,sophia.davis17@example.com,2032247696
18,Daniel,Johnson,daniel.johnson18@example.com,1049790610
19,Ethan,Johnson,ethan.johnson19@example.com,721338013
20,Amelia,Rodriguez,amelia.rodriguez20@example.com,477925308
21,Ethan,Davis,ethan.davis21@example.com,1569472235
22,Amelia,Hernandez,amelia.hernandez22@example.com,1400503513
23,Emma,Jackson,emma.jackson23@example.com,303315752
24,Ethan,Moore,ethan.moore24@example.com,819971385
25,Benjamin,Johnson,benjamin.johnson25@example.com,1216317090
26,Mia,Williams,mia.williams26@example.com,565697089
27,Ethan,Jackson,ethan.jackson27@example.com,1724239752
28,Lucas,Williams,lucas.williams28@example.com,1338290561
29,Sophia,Martin,sophia.martin29@example.com,1624327337
30,Henry,Smith,henry.smith30@example.com,1084653883
31,Harper,Martinez,harper.martinez31@example.com,731393942
32,Ethan,Wilson,ethan.wilson32@example.com,1310221178
33,Amelia,Jackson,amelia.jackson33@example.com,1824116083
34,Liam,Jackson,liam.jackson34@example.com,967841868
35,Ava,Jones,ava.jones35@example.com,336528305
36,Noah,Martin,noah.martin36@example.com,424140856
37,Sophia,Jackson,sophia.jackson37@example.com,468011192
38,James,Moore,james.moore38@example.com,1322673562
39,Ava,Gonzalez,ava.gonzalez39@example.com,1612976191
40,Mia,Davis,mia.davis40@example.com,558292388
41,Henry,Garcia,henry.garcia41@example.com,1946056169
42,Benjamin,Martin,benjamin.martin42@example.com,2014698207
43,Liam,Williams,liam.williams43@example.com,913896403
44,Abigail,Brown,abigail.brown44@example.com,1475440641
45,Lucas,Garcia,lucas.garcia45@example.com,1519678862
46,Liam,Hernandez,liam.hernandez46@example.com,1406540229
47,Ava,Taylor,ava.taylor47@example.com,958113887
48,Amelia,Jones,amelia.jones48@example.com,2113806197
49,Daniel,Williams,daniel.williams49@example.com,1860920439
50,Mia,Taylor,mia.taylor50@example.com,753040379
51,Lucas,Martin,lucas.martin51@example.com,1855515556
52,Mia,Hernandez,mia.hernandez52@example.com,1165219027
53,Noah,Hernandez,noah.hernandez53@example.com,1566464224
54,Amelia,Davis,amelia.davis54@example.com,1592718714
55,Harper,Hernandez,harper.hernandez55@example.com,1750978623
56,Alexander,Thomas,alexander.thomas56@example.com,211003340
57,James,Garcia,james.garcia57@example.com,1358899871
58,Matthew,Garcia,matthew.garcia58@example.com,780148871
59,Olivia,Anderson,olivia.anderson59@example.com,868589617
60,Ethan,Johnson,ethan.johnson60@example.com,1147643219
61,Henry,Jackson,henry.jackson61@example.com,453525175
62,Olivia,Moore,olivia.moore62@example.com,1491371345
63,Abigail,Martin,abigail.martin63@example.com,1712819212
64,Ethan,Rodriguez,ethan.rodriguez64@example.com,1769916400
65,Abigail,Garcia,abigail.garcia65@example.com,1922522461
66,Ethan,Thomas,ethan.thomas66@example.com,1443154292
67,Benjamin,Brown,benjamin.brown67@example.com,870618991
68,Charlotte,Jackson,charlotte.jackson68@example.com,1924149806
69,Noah,Thomas,noah.thomas69@example.com,1501313270
70,Alexander,Anderson,alexander.anderson70@example.com,2024964953
71,Ethan,Jones,ethan.jones71@example.com,1522865360
72,Mia,Williams,mia.williams72@example.com,596351087
73,James,Gonzalez,james.gonzalez73@example.com,1692597127
74,Lucas,Hernandez,lucas.hernandez74@example.com,242496425
75,Harper,Anderson,harper.anderson75@example.com,2143861394
76,Benjamin,Lopez,benjamin.lopez76@example.com,718296714
77,Evelyn,Davis,evelyn.davis77@example.com,1531787005
78,Mia,Moore,mia.moore78@example.com,648303683
79,Matthew,Johnson,matthew.johnson79@example.com,801488496
80,Ethan,Johnson,ethan.johnson80@example.com,1192896456
81,Charlotte,Wilson,charlotte.wilson81@example.com,845421721
82,Sophia,Williams,sophia.williams82@example.com,1296188985
83,Liam,Moore,liam.moore83@example.com,1898051715
84,Amelia,Hernandez,amelia.hernandez84@example.com,457001864
85,Evelyn,Smith,evelyn.smith85@example.com,1031896123
86,Sophia,Jackson,sophia.jackson86@example.com,1168627201
87,Harper,Jones,harper.jones87@example.com,333892295
88,Amelia,Garcia,amelia.garcia88@example.com,1174139985
89,Charlotte,Smith,charlotte.smith89@example.com,439668433
90,Matthew,Jackson,matthew.jackson90@example.com,1786131966
91,Henry,Jackson,henry.jackson91@example.com,1461994552
92,Liam,Garcia,liam.garcia92@example.com,440513821
93,Lucas,Moore,lucas.moore93@example.com,1202574666
94,Mia,Thomas,mia.thomas94@example.com,1566774434
95,Olivia,Wilson,olivia.wilson95@example.com,287221724
96,Abigail,Johnson,abigail.johnson96@example.com,1459793474
97,Matthew,Smith,matthew.smith97@example.com,1648034930
98,Benjamin,Taylor,benjamin.taylor98@example.com,851479245
99,Lucas,Jackson,lucas.jackson99@example.com,389193397
100,Charlotte,Brown,charlotte.brown100@example.com,2089810020